,VIDEOID,PUBLISHEDAT,TITLE,TAGS,VIEWCOUNT,LIKECOUNT,COMMENTCOUNT,CONTENTDETAILS,CATEGORYID,VIDEO_TIME,PUBLISHED_PERIOD,YEAR_MONTH,DAY_OF_WEEK_NAME,DAY_OF_WEEK_NUMBER,CATEGORY_TITLE
0,q9MnhAfUWzQ,2024-11-25 13:01:03,"ŚRODKI POZORACJI NA WOJNIE. CO SIĘ WYKORZYSTUJE, ŻEBY OSZUKAĆ PRZECIWNIKA? MILITARNE ZERO #42","['Stanowski', 'Krzysztof Stanowski', 'kanał zero', 'kanal zero', 'stanowski kanał', 'Krzysztof stanowski kanał zero', 'stanowski kanał zero', 'kanał', 'zero', 'stanowski', 'wolski', 'jarosław wolski', 'militarne zero', 'wojsko', 'militaria', 'sprzęt wojskowy', 'wojna', 'kanał zero wojna', 'makieta', 'wojsko makieta', 'makieta wojskowa', 'czołgi', 'śmigłowce', 'samolot wojskowy', 'armia', 'sprzęt', 'kanał zero sprzęt wojskowy', 'wabik', 'odwrócenie uwagi', 'wojna taktyka wojskowa', 'strategia wojskowa', 'jak ukryć sprzęt wojskowy', 'baza wojskowa']",51482,2401,105,PT34M34S,22,34.57,Afternoon,2024-11,Monday,0,People & Blogs
1,5CXpGpx5MYU,2024-11-28 17:30:00,10 NAJWAŻNIEJSZYCH SPRAW SĄDOWYCH W HISTORII ŚWIATA. CZĘŚĆ PIERWSZA I NIEPOPRAWNIK #42,"['Stanowski', 'Krzysztof Stanowski', 'kanał zero', 'kanal zero', 'stanowski kanał', 'Krzysztof stanowski kanał zero', 'stanowski kanał zero', 'kanał', 'zero', 'stanowski', 'niepoprawnik', 'marcin matczak', 'boguslaw lesnodorski', 'matczak lesnodorski', 'lesnodorski matczak', 'sprawy sadowe', 'sedziowie', 'dziwne sprawy sadowe', 'sady', 'prawo', 'prawnicy', 'proces czarownic', 'proces czarownic z salem', 'sprawa galileusza', 'sprawy sądowe', 'prawo i sprawiedliwość', 'niezawisłe sądy', 'sądy', 'sądy w polsce', 'polscy sędziowie', 'prawo sąd']",42149,1685,150,PT44M22S,22,44.37,Afternoon,2024-11,Thursday,3,People & Blogs
2,O8rkid6zV0Y,2024-11-28 09:00:20,JAK DZIAŁA SZCZEPIONKA NA NOWOTWORY? JESTEŚMY CORAZ LEPSI W WALCE Z RAKIEM | ZERO ZNIECZULENIA #37,"['Stanowski', 'Krzysztof Stanowski', 'kanał zero', 'kanal zero', 'stanowski kanał', 'Krzysztof stanowski kanał zero', 'stanowski kanał zero', 'kanał', 'zero', 'stanowski', 'zero znieczulenia', 'kosikowski', 'jakub kosikowski', 'kosikowski kanal zero', 'szczepionka na raka', 'szczepiona na nowotwór', 'nowotwory', 'Szczepionki na nowotwory', 'szczepionki', 'nowotwór', 'organizm', 'nauka', 'polska nauka', 'szczepionki na nowotwory', 'rak', 'przeciwnowotworowe', 'nowotwór szczepionka', 'medycyna', 'zdrowie', 'kanal zero medyczne', 'kosikowski zero']",29480,1368,225,PT47M13S,22,47.22,Morning,2024-11,Thursday,3,People & Blogs
3,ANOQv23m-b0,2024-11-29 09:08:06,"CO POŚWIĘCAMY DLA PRACY, UWAGA NA WIELKĄ KREWETĘ, PAWBEATS O MIŁOŚCI DO GÓR I MUZYKI  KRZAN & KAMMEL","['Stanowski', 'kanał zero', 'kanal zero', 'stanowski kanał', 'Krzysztof stanowski kanał zero', 'stanowski kanał zero', 'zero', '7:00', 'poranek', 'krzysztof stanowski kanal zero', 'petros psyllos', 'przeglad prasy', 'wiadomości', 'iza krzan', 'kanał zero iza krzan', 'iza krzan kanał zero', 'krzan', 'tomasz kammel', 'kammel', 'krzammel', 'kammel krzan', 'tomasz kammel iza krzan', 'iza krzan tomasz kammel', 'kammel krzan poranek', 'kanał zero krzan kammel', 'kanał zero kammel krzan', 'iza krzan poranek']",51371,1238,61,PT2H49M10S,22,169.17,Morning,2024-11,Friday,4,People & Blogs
4,z3FHtW05d_M,2024-11-27 10:08:06,JAK POLITYCY WYKORZYSTUJĄ STRACH? TO ICH NARZĘDZIE PRZECIW TOBIE | ZERO ŚCIEMY #35,"['Stanowski', 'Krzysztof Stanowski', 'kanał zero', 'kanal zero', 'stanowski kanał', 'Krzysztof stanowski kanał zero', 'stanowski kanał zero', 'kanał', 'zero', 'stanowski', 'łukasz kaca', 'kaca', 'kaca zero', 'łukasz kaca kanal zerio', 'zero sciemy', 'manipulacja', 'lek', 'lęk', 'politycy', 'polityka', 'politycy klamia', 'manipulacja politykow', 'strach', 'strach a lek', 'stach lek', 'stach lek jak pokonac', 'jak pokonac lęk', 'jak pokonać strach', 'lęk społeczny', 'emocje', 'granie na emocjach', 'narzędzie manipulacji', 'techniki manipulacji', 'lęki']",50517,2232,242,PT29M30S,22,29.5,Morning,2024-11,Wednesday,2,People & Blogs
5,7mfrMRFkVqI,2024-11-28 09:29:51,"ROBERT RUCHAŁA - ROMANTYK Z KSW, NA FIATA CZEKAŁO SIĘ KIEDYŚ DŁUŻEJ NIŻ NA ŻONĘ - WUWUNIO & WOLNY","['Stanowski', 'kanał zero', 'kanal zero', 'stanowski kanał', 'Krzysztof stanowski kanał zero', 'stanowski kanał zero', 'kanał', 'zero', 'kanal', '7:00', 'poranek', 'krzysztof stanowski kanal zero', 'petros psyllos', 'przeglad prasy', 'wiadomości', '700', '700 poranek', 'tomasz wolny', 'wuwunio', 'wuwunio poranek', 'tomasz wolny poranek', 'wolny', 'wolny poranek', 'afromental', 'afromental muzyka', 'kuchnia', 'jedzenie', 'gotowanie', 'filip głodek', 'robert ruchała', 'robert brykała', 'ksw', 'mma', 'debata', 'debata motoryzacja', 'motoryzacja', 'poranek kanał zero']",52659,1486,141,PT2H47M50S,22,167.83,Morning,2024-11,Thursday,3,People & Blogs
6,xm_yS1V3kBE,2024-11-27 09:08:34,7:00 CZY W POLSCE POPRAWIAJĄ SIĘ WARUNKI LECZENIA PSYCHIATRYCZNEGO DZIECI? | WARGA & KRZAN,"['Stanowski', 'kanał zero', 'kanal zero', 'stanowski kanał', 'Krzysztof stanowski kanał zero', 'stanowski kanał zero', 'zero', '7:00', 'poranek', 'krzysztof stanowski kanal zero', 'petros psyllos', 'przeglad prasy', 'wiadomości', 'iza krzan', 'kanał zero iza krzan', 'iza krzan kanał zero', 'iza krzan warga', 'warga', 'warga kanał zero', 'kanał zero warga', 'warga zero', 'iza krzan pornek', 'krzan warga', 'maciej dąbrowski', 'warga krzan', 'zespół rysy', 'rysy', 'nic nie czuję', 'muzeum warszawy', 'Janusz Schwertner', 'Anita Bugajska', 'krzan']",52647,1203,80,PT2H39M36S,22,159.6,Morning,2024-11,Wednesday,2,People & Blogs
7,VCPCICGCOU4,2024-11-26 09:52:51,"7:00 COSPLAYE, ODGRACANIE DOMU I GŁODEK KUCHARZEM W PORANKACH! I WARGA & TEDE","['Stanowski', 'kanał zero', 'kanal zero', 'stanowski kanał', 'Krzysztof stanowski kanał zero', 'stanowski kanał zero', 'zero', '7:00', 'poranek', 'krzysztof stanowski kanal zero', 'petros psyllos', 'przeglad prasy', 'wiadomości', '700', '700 poranek', 'warga', 'tede', 'warga tede', 'tede warga', 'kanał zero tede', 'kanał zero warga', 'kanał zero tede warga', 'kanał zero warga tede', 'warga tede zero', 'tede warga zero', 'warga tede poranek', 'filip głodek', 'domowe metamorfozy', 'głodek', 'kucharz', 'gotowanie', 'wokalistka', 'mrugała']",55385,1508,94,PT2H45M46S,22,165.77,Morning,2024-11,Tuesday,1,People & Blogs
8,bLcGJWjnB18,2024-11-26 21:08:08,LEWE SKRZYDŁO LIVE - OMÓWIENIE KANDYDATÓW NA PREZYDENTA POLSKI,"['Stanowski', 'Krzysztof Stanowski', 'kanał zero', 'kanal zero', 'stanowski kanał', 'Krzysztof stanowski kanał zero', 'stanowski kanał zero', 'zero', 'krzysztof stanowski', 'jakub dymek', 'kanał zero dymek', 'kanał zero jakub dymek', 'kanał zero polityka', 'polityka zero', 'lewe skrzydlo', 'polityka', 'karol nawrocki', 'rafał trzaskowski', 'sławomir mentzen', 'szymon hołownia', 'Przemysław Sadura', 'Paweł Musiałek', 'dyskusja', 'polska polityka', 'wybory', 'wybory prezydenckie', 'wybory prezydenckie 2025', 'polska prezydent']",117235,3017,457,PT1H55M15S,22,115.25,Evening,2024-11,Tuesday,1,People & Blogs
9,P2L2K8eOmsE,2024-11-25 08:55:41,"7:00 UJAWNIAMY DLACZEGO WĘŻE MAJĄ… PO DWA PENISY, STOP HODOWLI ZWIERZĄT NA FUTRA | TEDE & WUWUNIO","['Stanowski', 'kanał zero', 'kanal zero', 'stanowski kanał', 'Krzysztof stanowski kanał zero', 'stanowski kanał zero', 'zero', '7:00', 'poranek', 'krzysztof stanowski kanal zero', 'petros psyllos', 'przeglad prasy', 'wiadomości', '700', '700 poranek', 'tede', 'wuwunio', 'kanał zero tede', 'kanał zero wuwunio', 'wuwunio tede', 'tede wuwunio', '7 00', 'wuwunio tede kanał zero', 'zero tede', 'tede wuwunio zero', 'kanał zero tede wuwunio', 'alicja matusiak', 'matusiak', 'kongres usa', 'dzień bez futra', 'witold plucik', 'gady', 'polska w kongresie']",54291,1381,89,PT2H35M6S,22,155.1,Morning,2024-11,Monday,0,People & Blogs
10,XOi-xMIvU-o,2024-11-28 21:45:20,GODZINA ZERO #62 - TOMASZ KAMMEL I ROBERT RUTKOWSKI - TERAPEUTA UZALEŻNIEŃ,"['Stanowski', 'Krzysztof Stanowski', 'kanał zero', 'kanal zero', 'stanowski kanał', 'Krzysztof stanowski kanał zero', 'stanowski kanał zero', 'zero', 'godzina zero', 'kanal', 'krzysztof stanowski', 'tomasz kammel', 'stanowski kammel', 'godzina zero tomasz kammel', 'kanał zero tomasz kammel', 'kanał zero godzina zero', 'kammel kanał zero', 'tomasz kammel kanał zero', 'kammel rutkowski', 'robert rutkowski', 'rutkowski terapia', 'terapeuta rutkowski', 'robert rutkowski terapia', 'psychika', 'mężczyźni', 'problemy mężczyzn', 'faceci']",151889,6156,661,PT2H28M31S,22,148.52,Evening,2024-11,Thursday,3,People & Blogs
11,6LfFf0Gu3KM,2024-11-27 21:18:09,"PROGRAM SPECJALNY: PIĘKNY UMYSŁ 2024: STANOWSKI, MAZUREK, GWIAZDOWSKI, ZALEWSKI, SŁOWIK","['Stanowski', 'Krzysztof Stanowski', 'kanał zero', 'kanal zero', 'stanowski kanał', 'Krzysztof stanowski kanał zero', 'stanowski kanał zero', 'kanał', 'zero', 'kanal', 'krzysztof stanowski', 'stanowski', 'program specjlany', 'polska', 'polityka', 'robert mazurek', 'mazurek', 'mazurek stanowski', 'piekny umysl', 'piekny umysl 2024', 'piekny umysl zero', 'zalewski', 'igor zalewski', 'politycy', 'ranking politykow', 'program specjalny', 'patryk słowik', 'gwiazdowski', 'robert gwiazdowski', 'kanał zero mazurek', 'kanał zero stanowski', 'zabawa']",345690,12862,1483,PT2H12M1S,22,132.02,Evening,2024-11,Wednesday,2,People & Blogs
12,m69lCM3N7hA,2024-11-28 13:00:55,"BLACK FRIDAY. PROMOCJE SIĘ ZDARZAJĄ, ALE NIEUCZCIWE OFERTY – TEŻ. JAK NIE DAĆ SIĘ OSZUKAĆ?","['Stanowski', 'Krzysztof Stanowski', 'kanał zero', 'kanal zero', 'stanowski kanał', 'Krzysztof stanowski kanał zero', 'stanowski kanał zero', 'kanał', 'zero', 'stanowski', 'zero sciemy', 'blackfriday', 'black friday', 'okazje', 'przeceny', 'promocje', 'wyprzedaze', 'promocje na blackfriday', 'black friday polska', 'cross selling', 'chwyty marketingowe', 'chwyt marketingowy', 'zawyzanie cen', 'super okazje', 'pułapki zakupowe', 'zakupy', 'łukasz kaca kanał zero', 'cyber monday', 'andrzej borcz', 'biznesowe zero', 'tomasz szacoń', 'borcz', 'szacoń']",25289,756,63,PT45M17S,22,45.28,Afternoon,2024-11,Thursday,3,People & Blogs
13,kX7-sjILu38,2024-11-27 18:03:28,MAZUREK: WOJCIECH OLEJNICZAK ZATRZYMANY PRZEZ CBA. A MIAŁ BYĆ DRUGIM KWAŚNIEWSKIM,"['Stanowski', 'Krzysztof Stanowski', 'kanał zero', 'kanal zero', 'stanowski kanał', 'Krzysztof stanowski kanał zero', 'stanowski kanał zero', 'kanał', 'zero', 'stanowski', 'mazurek', 'robert mazurek', 'wojciech olejniczak', 'olejniczak', 'kanał zero mazurek', 'kanał zero robert mazurek', 'kanał zero olejniczak', 'wojciech olejniczak cba', 'cba', 'centralne biuro antykorupcyjne', 'kanał zero korupcja', 'pieniądze', 'kania', 'kania zakłady mięsne', 'mięso kania', 'sld', 'lewica', 'olejniczak cba', 'cba olejniczak', 'cba polityka', 'polska', 'polityka']",267987,9444,750,PT8M5S,22,8.08,Evening,2024-11,Wednesday,2,People & Blogs
14,7uIXWYFJXNI,2024-11-26 09:06:54,MAZUREK GRZMI. TRZASKOWSKI I NAWROCKI JUŻ PROWADZĄ KAMPANIĘ I TO ZA PUBLICZNE PIENIĄDZE,"['Stanowski', 'Krzysztof Stanowski', 'kanał zero', 'kanal zero', 'stanowski kanał', 'Krzysztof stanowski kanał zero', 'stanowski kanał zero', 'kanał', 'zero', 'stanowski', 'mazurek', 'robert mazurek', 'kanał zero mazurek', 'kanał zero robert mazurek', 'rafał trzaskowski', 'kampania wyborcza', 'karol nawrocki', 'nawrocki', 'trzaskowski', 'wybory', 'wybory w polsce', 'polska', 'polityka', 'prawo i sprawiedliwość', 'koalicja obywatelska', 'demokracja', 'polska wybory prezydenckie', 'wybory prezydenckie 2025', 'kanał zero polityka', 'polityka zero']",336691,15363,2296,PT16M39S,22,16.65,Morning,2024-11,Tuesday,1,People & Blogs
15,iMsA9JJSHNQ,2024-11-27 14:31:59,"EKSHUMACJE OFIAR ZBRODNI WOŁYŃSKIEJ MOŻLIWE? DLACZEGO OGŁASZA TO SIKORSKI, A NIE UKRAINA?","['Stanowski', 'Krzysztof Stanowski', 'kanał zero', 'kanal zero', 'stanowski kanał', 'Krzysztof stanowski kanał zero', 'stanowski kanał zero', 'kanał', 'zero', 'stanowski', 'ekshumacja', 'wołyń kanał zero', 'wołyń', 'sikorski', 'sikorski wołyń', 'radosław sikorski wołyń', 'ukraina', 'ekshumacja zwłok', 'wołyń ekshumacje', 'ekshumacje wołyń', 'ukraina wolyn', 'polityka', 'wolyn ukraina', 'rzez wolska', 'ukraina wołyń', 'wołyń ukraina', 'historia', 'arleta bojke', 'bojke', 'bojke kanał zero', 'bojke wołyń', 'arleta bojke kanał zero', 'radosław']",68792,3503,566,PT14M3S,22,14.05,Afternoon,2024-11,Wednesday,2,People & Blogs
16,aopwRmCO7gU,2024-11-28 11:00:01,BROŃ ATOMOWA W EUROPIE. CZYM MOŻEMY ODPOWIEDZIEĆ PUTINOWI BEZ POMOCY USA? I NAUKOWE ZERO #45,"['Stanowski', 'Krzysztof Stanowski', 'kanał zero', 'kanal zero', 'stanowski kanał', 'Krzysztof stanowski kanał zero', 'stanowski kanał zero', 'kanał', 'zero', 'nuclear sharing', 'bomba atomowa', 'naukowe zero', 'tomasz rozek', 'rozek', 'rozek kanal zero', 'czym jest nuclear sharing', 'bron atomowa', 'broń jądrowa', 'broń atomowa', 'Rosja broń atomowa', 'historia broni jądrowej', 'broń jądrowa w europie', 'Putin broń atomowa', 'zimna wojna', 'nato', 'nato rosja', 'nato vs rosja', 'broń atomowa jak działa', 'nuclear sharing nato']",71785,2323,242,PT13M20S,22,13.33,Morning,2024-11,Thursday,3,People & Blogs
17,N-6wKoB1nHs,2024-11-28 16:08:51,AFERA WOKÓŁ SZYMONA HOŁOWNI I COLLEGIUM HUMANUM. WINNY CZY NIE? TO JUŻ BEZ ZNACZENIA,"['Stanowski', 'Krzysztof Stanowski', 'kanał zero', 'kanal zero', 'stanowski kanał', 'Krzysztof stanowski kanał zero', 'stanowski kanał zero', 'zero', 'stanowski', 'collegium humanum', 'collegium humanum hołownia', 'collegium', 'humanum', 'hołownia collegium humanum', 'hołownia', 'szymon hołownia', 'marszałek hołownia', 'polityka', 'politycy', 'dawid chęć', 'chęć kanał zero', 'hołownia szymon', 'szymon hołownia collegium', 'szymon hołownia collegium humanum', 'hołownia marszałek', 'tusk', 'koalicja obywatelska', 'marszałek szymon hołownia']",244607,10195,1220,PT10M39S,22,10.65,Afternoon,2024-11,Thursday,3,People & Blogs
18,DKgs3ksJFCA,2024-11-29 09:02:21,DEZERTER Z ROSJI WYSPOWIADAŁ SIĘ BRYTYJCZYKOM. PRAWDA CZY SKOMPLIKOWANA GRA WYWIADÓW?,"['Stanowski', 'Krzysztof Stanowski', 'kanał zero', 'kanal zero', 'stanowski kanał', 'Krzysztof stanowski kanał zero', 'stanowski kanał zero', 'kanał', 'zero', 'stanowski', 'maria stepan', 'stepan', 'stepan kanal zero', 'maria stepan kanal zero', 'rosja', 'ukraina', 'dezerter rosja', 'dezerter z rosji', 'wielka brytania', 'wywiad z rosjaninem', 'wywiad z rosyjskim żołnierzem', 'wywiad z rosyjskim jeńcem', 'żołnierze rosyjscy', 'rosyjski dezerter', 'rosja zero', 'niewolnicy z rosji']",91451,3620,488,PT10M51S,22,10.85,Morning,2024-11,Friday,4,People & Blogs
19,_FdEQDAzU7I,2024-11-27 12:00:44,ESTONIA PRZYGOTOWUJE SIĘ DO WOJNY Z ROSJĄ. MA PLAN EWAKUACJI CAŁEGO KRAJU!,"['Stanowski', 'Krzysztof Stanowski', 'kanał zero', 'kanal zero', 'stanowski kanał', 'Krzysztof stanowski kanał zero', 'stanowski kanał zero', 'kanał', 'zero', 'stanowski', 'kraje bałtyckie', 'kraje nato', 'nato', 'kraje w nato', 'estonia', 'putin', 'rosja', 'rosja wojna', 'rosja wojna z nato', 'atak rosji na nato', 'Andrus Merilo', 'finlandia', 'szwecja', 'norwergia', 'ewakuacja estoni', 'maria stepan', 'stepan zero', 'estonia zero', 'maria stepan kanal zero', 'wojna rosji z nato', 'nato rosja', 'rosja nato', 'rosja nato wojna', 'kraje baltyckie']",182371,6286,1169,PT10M55S,22,10.92,Afternoon,2024-11,Wednesday,2,People & Blogs
20,VBdifNIb3AQ,2024-11-29 12:48:25,MAZUREK KPI Z LEWICY: ICH IDEALNA KANDYDATKA NA PREZYDENTA MA NA IMIĘ KRZYSZTOF. KRZYSZTOF KUKUCKI,"['Stanowski', 'Krzysztof Stanowski', 'kanał zero', 'kanal zero', 'stanowski kanał', 'Krzysztof stanowski kanał zero', 'stanowski kanał zero', 'kanał', 'zero', 'stanowski', 'lewica', 'polityka', 'polska polityka', 'kanał zero lewica', 'robert mazurek', 'mazurek', 'mazurek polityka', 'robert mazurek lewica', 'lewica mazurek', 'kanał zero mazurek', 'lewica polityka', 'kanał zero robert mazurek', 'mazurek komentuje', 'komentarz mazurka', 'robert mazurek komentuje', 'lewica wybory', 'lewica prezydent', 'prezydent', 'krzyszotf kukucki', 'kukucki']",203346,8311,666,PT12M12S,22,12.2,Afternoon,2024-11,Friday,4,People & Blogs
21,uYf68Q7bxUc,2024-11-29 16:15:03,POLSKIE JEDNOROŻCE. SUKCESY POLSKICH START-UPÓW. CZY BĘDZIE ICH WIĘCEJ?,"['Stanowski', 'Krzysztof Stanowski', 'kanał zero', 'kanal zero', 'stanowski kanał', 'Krzysztof stanowski kanał zero', 'stanowski kanał zero', 'kanał', 'zero', 'stanowski', 'unicorn', 'waldemar staniekwicz', 'stankiewicz', 'innowacja', 'technika', 'technologia', 'nauka', 'eleven labs', 'doc planner', 'google doc planner', 'booksy', 'europa', 'inowacje technologiczne', 'innowajcje', 'innowacje technologiczne', 'polska technologia', 'przedsiebiorcy', 'firmy', 'polskie firmy', 'start up polska', 'startupy w polsce', 'technologiczna polska']",19817,1113,85,PT12M54S,22,12.9,Afternoon,2024-11,Friday,4,People & Blogs
22,fV4jYKJd7WI,2024-11-29 17:36:40,POGRZEB ZASTRZELONEGO POLICJANTA W WARSZAWIE. SYRENY ZAWYŁY DLA MATEUSZA BIERNACKIEGO,"['Stanowski', 'Krzysztof Stanowski', 'kanał zero', 'kanal zero', 'stanowski kanał', 'Krzysztof stanowski kanał zero', 'stanowski kanał zero', 'kanał', 'zero', 'stanowski', 'chęć', 'dawid chęć', 'policjant', 'policja', 'prokurator', 'pogrzeb policjanta', 'policja warszawa', 'warszawa', 'warszawska policja', 'interwencja', 'interwencja policyjna', 'warszawa inżynierska', 'inżynierska', 'warszawa policja', 'polska policja', 'policja w polsce', 'służba policja', 'policja polska', 'policja bezpieczeństwo', 'policja kanał zero', 'kanał zero policja']",152769,4573,1086,PT16M1S,22,16.02,Afternoon,2024-11,Friday,4,People & Blogs
23,RY_tglKEPJ0,2024-11-25 16:00:21,WYBITNA POSTAĆ CZY INTRYGANT? WALENDZIAK 20 LAT TEMU WYCOFAŁ SIĘ Z POLITYKI. TERAZ CZAS NA POLSAT,"['Stanowski', 'Krzysztof Stanowski', 'kanał zero', 'kanal zero', 'stanowski kanał', 'Krzysztof stanowski kanał zero', 'stanowski kanał zero', 'kanał', 'zero', 'stanowski', 'wiesław walendziak', 'walendziak', 'walendziak tvp', 'walendziak polsat', 'polityka', 'telewizja', 'telewizja polska', 'walendziak kim jest', 'polsat', 'solorz', 'zarzad polsatu', 'media', 'walendziak wieslaw', 'stankiewicz', 'waldemar stankiewicz', 'tvp', 'polsat walendziak', 'polskie media', 'polska', 'media w polsce', 'telewizja w polsce', 'tvp polsat', 'polsat tvp']",52524,1809,131,PT9M51S,22,9.85,Afternoon,2024-11,Monday,0,People & Blogs
24,YCB4eLtr3uY,2024-11-29 15:21:18,"IGA ŚWIĄTEK I DOPING. WYJAŚNIAMY, O CO CHODZI W ZAMIESZANIU Z NASZĄ MISTRZYNIĄ","['Stanowski', 'Krzysztof Stanowski', 'kanał zero', 'kanal zero', 'stanowski kanał', 'Krzysztof stanowski kanał zero', 'stanowski kanał zero', 'kanał', 'zero', 'stanowski', 'wolfke', 'tomasz wolfke', 'iga', 'iga świątek', 'iga swiatek', 'kanał zero iga świątek', 'kanał zero iga swiatek', 'kanal zero iga swiatek', 'iga świątek doping', 'iga swiatek doping', 'iga swiatek tenis', 'tenis', 'tenis ziemny', 'kanał zero tenis', 'kanal zero tenis', 'kanał zero iga świątek doping', 'doping iga świątek', 'doping iga swiatek', 'wolfke świątek']",46280,1582,352,PT16M22S,22,16.37,Afternoon,2024-11,Friday,4,People & Blogs
25,0rmp2f6-zEQ,2024-11-26 13:45:56,EGIPT. ZATONĄŁ STATEK SEA STORY. SA OFIARY I ZAGINIENI. NA POKŁADZIE BYLI POLACY,"['Stanowski', 'Krzysztof Stanowski', 'kanał zero', 'kanal zero', 'stanowski kanał', 'Krzysztof stanowski kanał zero', 'stanowski kanał zero', 'zero', 'stanowski', 'egipt', 'egipt wakacje', 'egipt marsa alam', 'marsa alam', 'statek', 'wypadek statku', 'wypadek statku w egipcie', 'statek egipt', 'egipt statek', 'maria stepan', 'stepan', 'stepan zero', 'polacy egipt', 'polacy zgineli w egipcie', 'egipt polacy', 'egipt wypadek statku', 'zatonięcie', 'poszukiwanie', 'MSZ', 'zaginieni polacy egipt', 'zatoniecie statku', 'zatoniecie statku egipt']",61384,2156,244,PT10M34S,22,10.57,Afternoon,2024-11,Tuesday,1,People & Blogs
26,Z0tRNBrIWSA,2024-11-26 16:30:11,"KATASTROFA SAMOLOTU DHL W WILNIE. SEVERSKI: NIE MA WOJNY, BEZ WOJNY PSYCHOLOGICZNEJ","['Stanowski', 'Krzysztof Stanowski', 'kanał zero', 'kanal zero', 'stanowski kanał', 'Krzysztof stanowski kanał zero', 'stanowski kanał zero', 'kanał', 'zero', 'waldemar stankiewicz', 'stankiewicz', 'kanał zero wilno', 'lądowanie samolotu', 'lotnisko', 'katastrofa samolotu', 'rozbity samolot', 'lotnisko w wilnie', 'lądowanie samolotu w wilnie', 'wilno katastrofa samolotu', 'wilno samolot', 'rozbity samolot w wilnie', 'kanał zero samoloty', 'samolot wilno katastrofa', 'wypadek samolotu', 'wypadek samolot', 'sabotaż', 'rosja wilno']",80802,2607,277,PT9M23S,22,9.38,Afternoon,2024-11,Tuesday,1,People & Blogs
27,MZ9sDLXwRIg,2024-11-26 12:00:32,"TAK ROZMNAŻAJĄ SIĘ SARNY. MAJĄ METODĘ, KTÓRA NIE MIEŚCI SIĘ LUDZIOM W GŁOWIE | GATUNEK ZERO #44","['kanal zero', 'Stanowski', 'Krzysztof Stanowski', 'kanał zero', 'stanowski kanał', 'Krzysztof stanowski kanał zero', 'stanowski kanał zero', 'zero', 'stanowski', 'dariusz dziektarz', 'dziektarz', 'gatunek zero', 'dziektarz zero', 'sarny rozmnazanie', 'sarna', 'sarny', 'w lesie', 'o lesie', 'przyroda', 'przyrodnicze', 'co robią sarny', 'wszystko o sarnach', 'jak wygląda sarna', 'czy sarna to żona jelenia', 'życie saren', 'ssaki', 'dzikie zwierzęta', 'leśne zwierzęta', 'spotkane w lesie', 'węch', 'jak podglądać sarny', 'sarenka', 'bambi', 'młoda sarna']",40362,2596,169,PT16M9S,22,16.15,Afternoon,2024-11,Tuesday,1,People & Blogs
28,MOsVhPGinqA,2024-11-25 21:19:58,GROUND ZERO #44: ZARZĄDZANIE ESKALACJĄ,"['Stanowski', 'Krzysztof Stanowski', 'kanał zero', 'kanal zero', 'stanowski kanał', 'Krzysztof stanowski kanał zero', 'stanowski kanał zero', 'zero', 'rajmund andrzejczak', 'gen. rajmund andrzejczak', 'wojna', 'geopolityka', 'wojsko', 'Sławomir dębski', 'dębski', 'ground zero', 'andrzejczak', 'andrzejczak kanał zero', 'ground zero kanal zero', 'konflikt', 'rosja', 'ukraina', 'stany zjednoczone', 'andrzejczak wojna', 'dębski wojna', 'zarządzanie eskalacją', 'eskalacja wojenna', 'eksalacja co to', 'eksalacja konfliktu', 'wojna eskalacja']",73590,2740,179,PT2H10M56S,25,130.93,Evening,2024-11,Monday,0,News & Politics
29,ccIiVpgTCoM,2024-11-29 21:04:38,"KOLACJA MELLERA #5 - WOŚ, SADŁO, MIZIOŁEK, MAJMUREK","['Stanowski', 'Krzysztof Stanowski', 'kanał zero', 'kanal zero', 'stanowski kanał', 'Krzysztof stanowski kanał zero', 'stanowski kanał zero', 'kanał', 'zero', 'kanal', 'krzysztof stanowski', 'stanowski', 'polityka', 'marcin meller', 'meller', 'kanał zero meller', 'kanał zero marcin meller', 'polska polityka', 'kolacja mellera', 'kanał zero kolacja mellera', 'polskie media', 'tematy społeczne', 'polska społeczeństwo', 'meller rozmowa', 'dominika sitnicka', 'publicystyka', 'rafał woś', 'katarzyna sadło', 'joanna miziołek', 'jakub majmurek']",60036,1712,352,PT1H55M26S,25,115.43,Evening,2024-11,Friday,4,News & Politics
30,3ODqUMZrfuc,2024-11-29 00:15:33,LEGIA I JAGIELLONIA ŚCIGAJĄ CHELSEA! POLSKIE DRUŻYNY ZNÓW POSTRZELAŁY W EUROPIE! | NOC FUTBOLU,"['Stanowski', 'Krzysztof Stanowski', 'kanał zero', 'kanal zero', 'stanowski kanał', 'Krzysztof stanowski kanał zero', 'stanowski kanał zero', 'kanał', 'zero', 'kanal', 'krzysztof stanowski', 'rudzki', 'rudzki kanal zero', 'ekstraklasa', 'kowal kanal zero', 'piłka nożna', 'sport', 'pełka', 'polska', 'piłka', 'program o piłce nożnej', 'kanał zero piłka nożna', 'liga mistrzów', 'liga europy', 'noc futbolu', 'real madryt', 'kanal zero pilka nozna', 'kowal rudzki', 'piłka nożna zero', 'futbol zero', 'andrzej twarowski', 'twarowski', 'filip kapica', 'kapica']",49200,1224,74,PT2H5S,17,120.08,Evening,2024-11,Friday,4,Sports
31,wVg7D7SVjd0,2024-11-25 11:56:30,"CO DALEJ Z KADRĄ? SZOK GUARDIOLI, WYGRANA LEGII W HICIE. RUDZKI, PEŁKA, ORŁOWSKI, BIAŁEK","['Stanowski', 'Krzysztof Stanowski', 'kanal zero', 'stanowski kanał', 'Krzysztof stanowski kanał zero', 'zero', 'kanal', 'krzysztof stanowski', 'rudzki', 'rudzki kanal zero', 'kowal kanal zero', 'piłka nożna', 'sport', 'polska', 'europejski futbol', '0:0', '0 0 kanał zero', 'piłka', 'kanał zero piłka nożna', 'lewandowski', 'liga mistrzów', 'ekstraklasa', 'piłka nożna kowal', 'kowal piłka nożna', 'polska kadra', 'leszek orłowski', 'pełka', 'przemysław pełka', 'jakub białek', 'białek', 'program o piłce nożnej', 'polska piłka nożna', 'futbol polska']",45701,1054,73,PT2H35M10S,17,155.17,Morning,2024-11,Monday,0,Sports
